{
  "hash": "679e3a89",
  "configHash": "6353f633",
  "lockfileHash": "0db13e28",
  "browserHash": "007da63e",
  "optimized": {
    "@angular/core": {
      "src": "../../../../../node_modules/@angular/core/fesm2022/core.mjs",
      "file": "@angular_core.js",
      "fileHash": "f266fbb7",
      "needsInterop": false
    },
    "@angular/platform-browser": {
      "src": "../../../../../node_modules/@angular/platform-browser/fesm2022/platform-browser.mjs",
      "file": "@angular_platform-browser.js",
      "fileHash": "1a398f0b",
      "needsInterop": false
    },
    "@angular/router": {
      "src": "../../../../../node_modules/@angular/router/fesm2022/router.mjs",
      "file": "@angular_router.js",
      "fileHash": "0fff18eb",
      "needsInterop": false
    },
    "@angular/common": {
      "src": "../../../../../node_modules/@angular/common/fesm2022/common.mjs",
      "file": "@angular_common.js",
      "fileHash": "a291fbca",
      "needsInterop": false
    },
    "@angular/forms": {
      "src": "../../../../../node_modules/@angular/forms/fesm2022/forms.mjs",
      "file": "@angular_forms.js",
      "fileHash": "b563f44b",
      "needsInterop": false
    }
  },
  "chunks": {
    "chunk-LRX27VXR": {
      "file": "chunk-LRX27VXR.js"
    },
    "chunk-I57INRUT": {
      "file": "chunk-I57INRUT.js"
    },
    "chunk-3XWGUD7K": {
      "file": "chunk-3XWGUD7K.js"
    }
  }
}